Workbook

Sheet Customers
A1: id | B1: name | C1: email | D1: mobile | E1: city | F1: join_date
A2: 1 | B2: Rebecca Ramos | C2: courtney26@example.net | D2: 0802355323 | E2: Durban | F2: 06-02-2023
A3: 2 | B3: Alan Lopez | C3: iherrera@example.org | D3: 0715487129 | E3: Durban | F3: 03/03/2025
A4: 3 | B4: Jonathan Hernandez | C4: andersonjonathan@example.org | D4: 071746316 | E4: Bloemfontein | F4: 09-28-2022
A5: 4 | B5: Michael Lawrence | C5: millerlinda@example.net | D5: 0617583599 | E5: East London | F5: 05-Jan-2026
A6: 5 | B6: Justin?Morgan | C6: benjaminhowell@example.org | D6: 0631970742 | E6: Durban | F6: 32656
A7: 6 | B7: Daniel Anderson | C7: aaronbranch@example.com | D7: 0825833664 | E7: Polokwane | F7: 2022-09-05
A8: 7 | B8: Jeffrey Mosley | C8: wanderson@example.org | D8: 082067574 | E8: Bloemfontein | F8: 05/11/2008
A9: 8 | B9: Julie Schwartz | C9: patricia75@example.com | D9: 083695607 | E9: Johannesburg | F9: 11/04/2021
A10: 9 | B10: Hannah Powell | C10: dmitchell@example.com | D10: 0615373692 | E10: East London | F10: 03/11/2012
A11: 10 | B11: Cristian Wright | C11: kelseymiller@example.com | D11: 083236119 | E11: Nelspruit | F11: 08-28-2023
A12: 11 | B12: Elizabeth Singh | C12: victoriapruitt@example.org | D12: 082285153 | E12: Pretoria | F12: 2022-09-05
A13: 12 | B13: Jake Nelson | C13: shannon55@example.net | D13: 0836373970 | E13: Nelspruit | F13: 24/09/2024
A14: 13 | B14: Rodney Manning | C14: jessica24@example.net | D14: 063594054 | E14: Nelspruit | F14: 2020-02-29
A15: 14 | B15: Phillip Delgado | C15: hamiltonnicole@example.com | D15: 063955335 | E15: Port Elizabeth | F15: 1995-10-25
A16: 15 | B16: Margaret%Jacobson | C16: hallwilliam@example.net | D16: 0710804702 | E16: Kimberley | F16: 2016-03-01
A17: 16 | B17: Susan Harrington | C17: omarquez@example.com | D17: 0821758013 | E17: Polokwane | F17: 01-31-2020
A18: 17 | B18: Samantha Sullivan | C18: carl22@example.com | D18: 0719935632 | E18: Pretoria | F18: 23/07/2008
... A21: 20 | B21: Justin Hill | C21: kathryn33@example.net | D21: 0634676105 | E21: Port Elizabeth | F21: 12-14-2020

Sheet Products
A1: product_id | B1: product_name | C1: product_price | D1: stock_quantity
A2: 1001 | B2: Eco Keyboard | C2: 100 | D2: 13
A3: 1002 | B3: Premium Keyboard | C3: 4408 | D3: 23
A4: 1003 | B4: Advanced Keyboard | C4: 90 | D4: 60
A5: 1004 | B5: Smart Monitor | C5: 1914 | D5: 60
A6: 1005 | B6: Premium Headphones | C6: R4176 | D6: 9
A7: 1006 | B7: Smart Headphones | C7: 2018 | D7: 71
A8: 1007 | B8: Portable Monitor | C8: 4000 | D8: 79
A9: 1008 | B9: Smart Chair | C9: 3000 | D9: 89
A10: 1009 | B10: Advanced Laptop | C10: R4141 | D10: 44
A11: 1010 | B11: Smart Monitor | C11: R1376 | D11: 61

Sheet Orders
A1: order_id | B1: customer_id | C1: order_date | D1: status
A2: 101 | B2: 1 | C2: 1982-03-13 | D2: cancelled
A3: 102 | B3: 2 | C3: 02-24-2025 | D3: p
A4: 103 | B4: 3 | C4: 13-Feb-2026 | D4: x
A5: 104 | B5: 4 | C5: 20/10/2012 | D5: p
A6: 105 | B6: 5 | C6: 18/06/2023 | D6: pending
A7: 106 | B7: 6 | C7: 1995-04-23 | D7: x
A8: 107 | B8: 7 | C8: 22-Jan-2026 | D8: completed
A9: 108 | B9: 8 | C9: 1979-07-07 | D9: c
A10: 109 | B10: 9 | C10: 44985 | D10: cancelled
A11: 110 | B11: 10 | C11: 44622 | D11: completed
A12: 111 | B12: 11 | C12: 16/03/2020 | D12: x
A13: 112 | B13: 12 | C13: 1978-04-09 | D13: complete
A14: 113 | B14: 13 | C14: 11-15-2020 | D14: pending
A15: 114 | B15: 14 | C15: 2020-06-24 | D15: done
A16: 115 | B16: 15 | C16: 36320 | D16: completed
A17: 116 | B17: 16 | C17: 2004-05-21 | D17: p
A18: 117 | B18: 17 | C18: 29/05/2016 | D18: p
A19: 118 | B19: 18 | C19: 09-27-2020 | D19: p
A20: 119 | B20: 19 | C20: 20/11/2011 | D20: complete
A21: 120 | B21: 20 | C21: 1985-08-11 | D21: c

Sheet OrderItems
A1: order_item_id | B1: order_id | C1: product_id | D1: quantity | E1: unit_price | F1: total_price
A2: 2000 | B2: 105 | C2: 1003 | D2: 2 | E2: =VLOOKUP(C2,Products!$A$2:$C$11,3,FALSE) -> 90 | F2: 0
A3: 2001 | B3: 105 | C3: 1004 | D3: 4 | E3: =VLOOKUP(C3,Products!$A$2:$C$11,3,FALSE) -> 1914 | F3: 0
A4: 2002 | B4: 105 | C4: 1001 | D4: 1 | E4: =VLOOKUP(C4,Products!$A$2:$C$11,3,FALSE) -> 100 | F4: 729.88
A5: 2003 | B5: 116 | C5: 1004 | D5: 4 | E5: =VLOOKUP(C5,Products!$A$2:$C$11,3,FALSE) -> 1914 | F5: 11668
A6: 2004 | B6: 101 | C6: 1008 | D6: 3 | E6: =VLOOKUP(C6,Products!$A$2:$C$11,3,FALSE) -> 3000 | F6: 219.81
A7: 2005 | B7: 119 | C7: 1006 | D7: 1 | E7: =VLOOKUP(C7,Products!$A$2:$C$11,3,FALSE) -> 2018 | F7: 2705.02
A8: 2006 | B8: 119 | C8: 1007 | D8: 4 | E8: =VLOOKUP(C8,Products!$A$2:$C$11,3,FALSE) -> 4000 | F8: 0
A9: 2007 | B9: 113 | C9: 1005 | D9: 2 | E9: =VLOOKUP(C9,Products!$A$2:$C$11,3,FALSE) -> R4176 | F9: 4098.12
A10: 2008 | B10: 115 | C10: 1006 | D10: 3 | E10: =VLOOKUP(C10,Products!$A$2:$C$11,3,FALSE) -> 2018 | F10: 0
A11: 2009 | B11: 120 | C11: 1001 | D11: 3 | E11: =VLOOKUP(C11,Products!$A$2:$C$11,3,FALSE) -> 100 | F11: 0
A12: 2010 | B12: 106 | C12: 1006 | D12: 3 | E12: =VLOOKUP(C12,Products!$A$2:$C$11,3,FALSE) -> 2018 | F12: 0
A13: 2011 | B13: 117 | C13: 1005 | D13: 1 | E13: =VLOOKUP(C13,Products!$A$2:$C$11,3,FALSE) -> R4176 | F13: 145.43
... A101: 2099 | B101: 113 | C101: 1003 | D101: 3 | E101: =VLOOKUP(C101,Products!$A$2:$C$11,3,FALSE) -> 90 | F101: 3513.96
